Workbook

Sheet لوحة التحكم
B2: 🏪 لوحة تحكم محل مؤمن
B3: كل الأرقام مرتبطة تلقائيًا بشيتات المخزن والمبيعات والمرتجعات والمصروفات
B5: 💰 الملخص المالي
B6: إجمالي المبيعات | C6: =المبيعات!G403 -> 0
B7: إجمالي قيمة المرتجعات | C7: =المرتجعات!G303 -> 0
B8: صافي المبيعات (بعد المرتجعات) | C8: =C6-C7 -> 0
B9: تكلفة البضاعة المباعة (إجمالي) | C9: =المبيعات!I403 -> 0
B10: تكلفة البضاعة المرتجعة | C10: =المرتجعات!I303 -> 0
B11: صافي تكلفة المبيعات | C11: =C9-C10 -> 0
B12: مجمل الربح (صافي المبيعات - صافي التكلفة) | C12: =C8-C11 -> 0
B13: إجمالي المصروفات | C13: =المصروفات!D303 -> 0
B14: صافي الربح | C14: =C12-C13 -> 0
B16: 📦 المخزون
B17: إجمالي قيمة المخزون الحالي (بسعر التكلفة) | C17: =المخزن!I203 -> 104720
B18: عدد الأصناف المسجلة بالمخزن | C18: =COUNTA(المخزن!B2:B201) -> 78
B19: إجمالي الكمية الحالية بالمخزن | C19: =المخزن!G203 -> 410
B21: 🧾 حركة العمليات
B22: عدد عمليات البيع | C22: =COUNTA(المبيعات!C2:C401) -> 0
B23: عدد عمليات الإرجاع | C23: =COUNTA(المرتجعات!C2:C301) -> 0
B24: عدد سجلات المصروفات | C24: =COUNTA(المصروفات!C2:C301) -> 0
B26: ملاحظة: صافي الربح = (إجمالي المبيعات - المرتجعات - تكلفة البضاعة المباعة الصافية) - المصروفات، بحيث لا تظهر أرباح وهمية من بضاعة تم إرجاعها أو مصروفات لم تُخصم.

Sheet المخزن
A1: م | B1: اسم المنتج | C1: الباركود | D1: الكمية الافتتاحية | E1: الكمية المباعة | F1: الكمية المرتجعة | G1: الكمية الحالية | H1: سعر التكلفة | I1: إجمالي تكلفة المخزون | J1: تسوية الجرد (تراكمي)
A2: =IF(B2="","",ROW()-1) -> 1 | B2: تي شيرت 2سوستة تركي | C2: =IF(B2="","","200"&TEXT(ROW()-1,"0000000000")) -> 2000000000001 | D2: 1 | E2: =IF($B2="",0,SUMIF(المبيعات!$D$2:$D$401,$C2,المبيعات!$E$2:$E$401)) -> 0 | F2: =IF($B2="",0,SUMIF(المرتجعات!$D$2:$D$301,$C2,المرتجعات!$E$2:$E$301)) -> 0 | G2: =D2-E2+F2+J2 -> 1 | H2: 360 | I2: =G2*H2 -> 360 | J2: 0
A3: =IF(B3="","",ROW()-1) -> 2 | B3: تي شيرت بلانكو قصات | C3: =IF(B3="","","200"&TEXT(ROW()-1,"0000000000")) -> 2000000000002 | D3: 5 | E3: =IF($B3="",0,SUMIF(المبيعات!$D$2:$D$401,$C3,المبيعات!$E$2:$E$401)) -> 0 | F3: =IF($B3="",0,SUMIF(المرتجعات!$D$2:$D$301,$C3,المرتجعات!$E$2:$E$301)) -> 0 | G3: =D3-E3+F3+J3 -> 5 | H3: 480 | I3: =G3*H3 -> 2400 | J3: 0
A4: =IF(B4="","",ROW()-1) -> 3 | B4: تي شيرت حورس طباعة فوم | C4: =IF(B4="","","200"&TEXT(ROW()-1,"0000000000")) -> 2000000000003 | D4: 3 | E4: =IF($B4="",0,SUMIF(المبيعات!$D$2:$D$401,$C4,المبيعات!$E$2:$E$401)) -> 0 | F4: =IF($B4="",0,SUMIF(المرتجعات!$D$2:$D$301,$C4,المرتجعات!$E$2:$E$301)) -> 0 | G4: =D4-E4+F4+J4 -> 3 | H4: 250 | I4: =G4*H4 -> 750 | J4: 0
A5: =IF(B5="","",ROW()-1) -> 4 | B5: تي شيرت كويك | C5: =IF(B5="","","200"&TEXT(ROW()-1,"0000000000")) -> 2000000000004 | D5: 1 | E5: =IF($B5="",0,SUMIF(المبيعات!$D$2:$D$401,$C5,المبيعات!$E$2:$E$401)) -> 0 | F5: =IF($B5="",0,SUMIF(المرتجعات!$D$2:$D$301,$C5,المرتجعات!$E$2:$E$301)) -> 0 | G5: =D5-E5+F5+J5 -> 1 | H5: 200 | I5: =G5*H5 -> 200 | J5: 0
A6: =IF(B6="","",ROW()-1) -> 5 | B6: تي شيرت وولف سادة | C6: =IF(B6="","","200"&TEXT(ROW()-1,"0000000000")) -> 2000000000005 | D6: 1 | E6: =IF($B6="",0,SUMIF(المبيعات!$D$2:$D$401,$C6,المبيعات!$E$2:$E$401)) -> 0 | F6: =IF($B6="",0,SUMIF(المرتجعات!$D$2:$D$301,$C6,المرتجعات!$E$2:$E$301)) -> 0 | G6: =D6-E6+F6+J6 -> 1 | H6: 250 | I6: =G6*H6 -> 250 | J6: 0
A7: =IF(B7="","",ROW()-1) -> 6 | B7: تي شيرت اليفين | C7: =IF(B7="","","200"&TEXT(ROW()-1,"0000000000")) -> 2000000000006 | D7: 1 | E7: =IF($B7="",0,SUMIF(المبيعات!$D$2:$D$401,$C7,المبيعات!$E$2:$E$401)) -> 0 | F7: =IF($B7="",0,SUMIF(المرتجعات!$D$2:$D$301,$C7,المرتجعات!$E$2:$E$301)) -> 0 | G7: =D7-E7+F7+J7 -> 1 | H7: 360 | I7: =G7*H7 -> 360 | J7: 0
A8: =IF(B8="","",ROW()-1) -> 7 | B8: تي شيرت ترند تريكو | C8: =IF(B8="","","200"&TEXT(ROW()-1,"0000000000")) -> 2000000000007 | D8: 2 | E8: =IF($B8="",0,SUMIF(المبيعات!$D$2:$D$401,$C8,المبيعات!$E$2:$E$401)) -> 0 | F8: =IF($B8="",0,SUMIF(المرتجعات!$D$2:$D$301,$C8,المرتجعات!$E$2:$E$301)) -> 0 | G8: =D8-E8+F8+J8 -> 2 | H8: 290 | I8: =G8*H8 -> 580 | J8: 0
A9: =IF(B9="","",ROW()-1) -> 8 | B9: تي شيرت بليزي | C9: =IF(B9="","","200"&TEXT(ROW()-1,"0000000000")) -> 2000000000008 | D9: 0 | E9: =IF($B9="",0,SUMIF(المبيعات!$D$2:$D$401,$C9,المبيعات!$E$2:$E$401)) -> 0 | F9: =IF($B9="",0,SUMIF(المرتجعات!$D$2:$D$301,$C9,المرتجعات!$E$2:$E$301)) -> 0 | G9: =D9-E9+F9+J9 -> 0 | H9: 350 | I9: =G9*H9 -> 0 | J9: 0
A10: =IF(B10="","",ROW()-1) -> 9 | B10: تي شيرت كراش | C10: =IF(B10="","","200"&TEXT(ROW()-1,"0000000000")) -> 2000000000009 | D10: 14 | E10: =IF($B10="",0,SUMIF(المبيعات!$D$2:$D$401,$C10,المبيعات!$E$2:$E$401)) -> 0 | F10: =IF($B10="",0,SUMIF(المرتجعات!$D$2:$D$301,$C10,المرتجعات!$E$2:$E$301)) -> 0 | G10: =D10-E10+F10+J10 -> 14 | H10: 180 | I10: =G10*H10 -> 2520 | J10: 0
A11: =IF(B11="","",ROW()-1) -> 10 | B11: تي شيرت ياقة نور | C11: =IF(B11="","","200"&TEXT(ROW()-1,"0000000000")) -> 2000000000010 | D11: 7 | E11: =IF($B11="",0,SUMIF(المبيعات!$D$2:$D$401,$C11,المبيعات!$E$2:$E$401)) -> 0 | F11: =IF($B11="",0,SUMIF(المرتجعات!$D$2:$D$301,$C11,المرتجعات!$E$2:$E$301)) -> 0 | G11: =D11-E11+F11+J11 -> 7 | H11: 280 | I11: =G11*H11 -> 1960 | J11: 0
A12: =IF(B12="","",ROW()-1) -> 11 | B12: تي شيرت فيو مخربش | C12: =IF(B12="","","200"&TEXT(ROW()-1,"0000000000")) -> 2000000000011 | D12: 2 | E12: =IF($B12="",0,SUMIF(المبيعات!$D$2:$D$401,$C12,المبيعات!$E$2:$E$401)) -> 0 | F12: =IF($B12="",0,SUMIF(المرتجعات!$D$2:$D$301,$C12,المرتجعات!$E$2:$E$301)) -> 0 | G12: =D12-E12+F12+J12 -> 2 | H12: 300 | I12: =G12*H12 -> 600 | J12: 0
A13: =IF(B13="","",ROW()-1) -> 12 | B13: تي شيرت ياقة عجينة | C13: =IF(B13="","","200"&TEXT(ROW()-1,"0000000000")) -> 2000000000012 | D13: 1 | E13: =IF($B13="",0,SUMIF(المبيعات!$D$2:$D$401,$C13,المبيعات!$E$2:$E$401)) -> 0 | F13: =IF($B13="",0,SUMIF(المرتجعات!$D$2:$D$301,$C13,المرتجعات!$E$2:$E$301)) -> 0 | G13: =D13-E13+F13+J13 -> 1 | H13: 240 | I13: =G13*H13 -> 240 | J13: 0
... A79: =IF(B79="","",ROW()-1) -> 78 | B79: شورت كتان | C79: =IF(B79="","","200"&TEXT(ROW()-1,"0000000000")) -> 2000000000078 | D79: 1 | E79: =IF($B79="",0,SUMIF(المبيعات!$D$2:$D$401,$C79,المبيعات!$E$2:$E$401)) -> 0 | F79: =IF($B79="",0,SUMIF(المرتجعات!$D$2:$D$301,$C79,المرتجعات!$E$2:$E$301)) -> 0 | G79: =D79-E79+F79+J79 -> 1 | H79: 185 | I79: =G79*H79 -> 185 | J79: 0
A80: =IF(B80="","",ROW()-1) | C80: =IF(B80="","","200"&TEXT(ROW()-1,"0000000000")) | E80: =IF($B80="",0,SUMIF(المبيعات!$D$2:$D$401,$C80,المبيعات!$E$2:$E$401)) -> 0 | F80: =IF($B80="",0,SUMIF(المرتجعات!$D$2:$D$301,$C80,المرتجعات!$E$2:$E$301)) -> 0 | G80: =D80-E80+F80 -> 0 | I80: =G80*H80 -> 0
A81: =IF(B81="","",ROW()-1) | C81: =IF(B81="","","200"&TEXT(ROW()-1,"0000000000")) | E81: =IF($B81="",0,SUMIF(المبيعات!$D$2:$D$401,$C81,المبيعات!$E$2:$E$401)) -> 0 | F81: =IF($B81="",0,SUMIF(المرتجعات!$D$2:$D$301,$C81,المرتجعات!$E$2:$E$301)) -> 0 | G81: =D81-E81+F81 -> 0 | I81: =G81*H81 -> 0
A82: =IF(B82="","",ROW()-1) | C82: =IF(B82="","","200"&TEXT(ROW()-1,"0000000000")) | E82: =IF($B82="",0,SUMIF(المبيعات!$D$2:$D$401,$C82,المبيعات!$E$2:$E$401)) -> 0 | F82: =IF($B82="",0,SUMIF(المرتجعات!$D$2:$D$301,$C82,المرتجعات!$E$2:$E$301)) -> 0 | G82: =D82-E82+F82 -> 0 | I82: =G82*H82 -> 0
A83: =IF(B83="","",ROW()-1) | C83: =IF(B83="","","200"&TEXT(ROW()-1,"0000000000")) | E83: =IF($B83="",0,SUMIF(المبيعات!$D$2:$D$401,$C83,المبيعات!$E$2:$E$401)) -> 0 | F83: =IF($B83="",0,SUMIF(المرتجعات!$D$2:$D$301,$C83,المرتجعات!$E$2:$E$301)) -> 0 | G83: =D83-E83+F83 -> 0 | I83: =G83*H83 -> 0
A84: =IF(B84="","",ROW()-1) | C84: =IF(B84="","","200"&TEXT(ROW()-1,"0000000000")) | E84: =IF($B84="",0,SUMIF(المبيعات!$D$2:$D$401,$C84,المبيعات!$E$2:$E$401)) -> 0 | F84: =IF($B84="",0,SUMIF(المرتجعات!$D$2:$D$301,$C84,المرتجعات!$E$2:$E$301)) -> 0 | G84: =D84-E84+F84 -> 0 | I84: =G84*H84 -> 0
A85: =IF(B85="","",ROW()-1) | C85: =IF(B85="","","200"&TEXT(ROW()-1,"0000000000")) | E85: =IF($B85="",0,SUMIF(المبيعات!$D$2:$D$401,$C85,المبيعات!$E$2:$E$401)) -> 0 | F85: =IF($B85="",0,SUMIF(المرتجعات!$D$2:$D$301,$C85,المرتجعات!$E$2:$E$301)) -> 0 | G85: =D85-E85+F85 -> 0 | I85: =G85*H85 -> 0
A86: =IF(B86="","",ROW()-1) | C86: =IF(B86="","","200"&TEXT(ROW()-1,"0000000000")) | E86: =IF($B86="",0,SUMIF(المبيعات!$D$2:$D$401,$C86,المبيعات!$E$2:$E$401)) -> 0 | F86: =IF($B86="",0,SUMIF(المرتجعات!$D$2:$D$301,$C86,المرتجعات!$E$2:$E$301)) -> 0 | G86: =D86-E86+F86 -> 0 | I86: =G86*H86 -> 0
A87: =IF(B87="","",ROW()-1) | C87: =IF(B87="","","200"&TEXT(ROW()-1,"0000000000")) | E87: =IF($B87="",0,SUMIF(المبيعات!$D$2:$D$401,$C87,المبيعات!$E$2:$E$401)) -> 0 | F87: =IF($B87="",0,SUMIF(المرتجعات!$D$2:$D$301,$C87,المرتجعات!$E$2:$E$301)) -> 0 | G87: =D87-E87+F87 -> 0 | I87: =G87*H87 -> 0
A88: =IF(B88="","",ROW()-1) | C88: =IF(B88="","","200"&TEXT(ROW()-1,"0000000000")) | E88: =IF($B88="",0,SUMIF(المبيعات!$D$2:$D$401,$C88,المبيعات!$E$2:$E$401)) -> 0 | F88: =IF($B88="",0,SUMIF(المرتجعات!$D$2:$D$301,$C88,المرتجعات!$E$2:$E$301)) -> 0 | G88: =D88-E88+F88 -> 0 | I88: =G88*H88 -> 0
A89: =IF(B89="","",ROW()-1) | C89: =IF(B89="","","200"&TEXT(ROW()-1,"0000000000")) | E89: =IF($B89="",0,SUMIF(المبيعات!$D$2:$D$401,$C89,المبيعات!$E$2:$E$401)) -> 0 | F89: =IF($B89="",0,SUMIF(المرتجعات!$D$2:$D$301,$C89,المرتجعات!$E$2:$E$301)) -> 0 | G89: =D89-E89+F89 -> 0 | I89: =G89*H89 -> 0
A90: =IF(B90="","",ROW()-1) | C90: =IF(B90="","","200"&TEXT(ROW()-1,"0000000000")) | E90: =IF($B90="",0,SUMIF(المبيعات!$D$2:$D$401,$C90,المبيعات!$E$2:$E$401)) -> 0 | F90: =IF($B90="",0,SUMIF(المرتجعات!$D$2:$D$301,$C90,المرتجعات!$E$2:$E$301)) -> 0 | G90: =D90-E90+F90 -> 0 | I90: =G90*H90 -> 0
A91: =IF(B91="","",ROW()-1) | C91: =IF(B91="","","200"&TEXT(ROW()-1,"0000000000")) | E91: =IF($B91="",0,SUMIF(المبيعات!$D$2:$D$401,$C91,المبيعات!$E$2:$E$401)) -> 0 | F91: =IF($B91="",0,SUMIF(المرتجعات!$D$2:$D$301,$C91,المرتجعات!$E$2:$E$301)) -> 0 | G91: =D91-E91+F91 -> 0 | I91: =G91*H91 -> 0
... A201: =IF(B201="","",ROW()-1) | C201: =IF(B201="","","200"&TEXT(ROW()-1,"0000000000")) | E201: =IF($B201="",0,SUMIF(المبيعات!$D$2:$D$401,$C201,المبيعات!$E$2:$E$401)) -> 0 | F201: =IF($B201="",0,SUMIF(المرتجعات!$D$2:$D$301,$C201,المرتجعات!$E$2:$E$301)) -> 0 | G201: =D201-E201+F201 -> 0 | I201: =G201*H201 -> 0
B203: الإجمالي | D203: =SUM(D2:D201) -> 410 | E203: =SUM(E2:E201) -> 0 | F203: =SUM(F2:F201) -> 0 | G203: =SUM(G2:G201) -> 410 | I203: =SUM(I2:I201) -> 104720 | J203: =SUM(J2:J201) -> 0
B205: ملاحظة: الباركود يتولد تلقائيًا عند كتابة اسم المنتج، ولا يوجد سعر بيع هنا لأنه يختلف من فاتورة لأخرى ويُحدَّد في شيت المبيعات.

Sheet الجرد
A1: م | B1: اسم المنتج | C1: الباركود | D1: الكمية حسب السجلات (النظام) | E1: الكمية الفعلية (الجرد) | F1: الفرق | G1: نوع الفرق | H1: سعر التكلفة | I1: قيمة فرق التسوية | J1: ملاحظات
A2: =IF(B2="","",ROW()-1) -> 1 | B2: =IF(المخزن!B2="","",المخزن!B2) -> تي شيرت 2سوستة تركي | C2: =IF(B2="","",المخزن!C2) -> 2000000000001 | D2: =IF($B2="","",المخزن!G2) -> 1 | F2: =IF(OR(B2="",E2=""),"",E2-D2) | G2: =IF(F2="","",IF(F2>0,"زيادة",IF(F2<0,"عجز","مطابق"))) | H2: =IF(B2="","",المخزن!H2) -> 360 | I2: =IF(F2="","",F2*H2)
A3: =IF(B3="","",ROW()-1) -> 2 | B3: =IF(المخزن!B3="","",المخزن!B3) -> تي شيرت بلانكو قصات | C3: =IF(B3="","",المخزن!C3) -> 2000000000002 | D3: =IF($B3="","",المخزن!G3) -> 5 | F3: =IF(OR(B3="",E3=""),"",E3-D3) | G3: =IF(F3="","",IF(F3>0,"زيادة",IF(F3<0,"عجز","مطابق"))) | H3: =IF(B3="","",المخزن!H3) -> 480 | I3: =IF(F3="","",F3*H3)
A4: =IF(B4="","",ROW()-1) -> 3 | B4: =IF(المخزن!B4="","",المخزن!B4) -> تي شيرت حورس طباعة فوم | C4: =IF(B4="","",المخزن!C4) -> 2000000000003 | D4: =IF($B4="","",المخزن!G4) -> 3 | F4: =IF(OR(B4="",E4=""),"",E4-D4) | G4: =IF(F4="","",IF(F4>0,"زيادة",IF(F4<0,"عجز","مطابق"))) | H4: =IF(B4="","",المخزن!H4) -> 250 | I4: =IF(F4="","",F4*H4)
A5: =IF(B5="","",ROW()-1) -> 4 | B5: =IF(المخزن!B5="","",المخزن!B5) -> تي شيرت كويك | C5: =IF(B5="","",المخزن!C5) -> 2000000000004 | D5: =IF($B5="","",المخزن!G5) -> 1 | F5: =IF(OR(B5="",E5=""),"",E5-D5) | G5: =IF(F5="","",IF(F5>0,"زيادة",IF(F5<0,"عجز","مطابق"))) | H5: =IF(B5="","",المخزن!H5) -> 200 | I5: =IF(F5="","",F5*H5)
A6: =IF(B6="","",ROW()-1) -> 5 | B6: =IF(المخزن!B6="","",المخزن!B6) -> تي شيرت وولف سادة | C6: =IF(B6="","",المخزن!C6) -> 2000000000005 | D6: =IF($B6="","",المخزن!G6) -> 1 | F6: =IF(OR(B6="",E6=""),"",E6-D6) | G6: =IF(F6="","",IF(F6>0,"زيادة",IF(F6<0,"عجز","مطابق"))) | H6: =IF(B6="","",المخزن!H6) -> 250 | I6: =IF(F6="","",F6*H6)
A7: =IF(B7="","",ROW()-1) -> 6 | B7: =IF(المخزن!B7="","",المخزن!B7) -> تي شيرت اليفين | C7: =IF(B7="","",المخزن!C7) -> 2000000000006 | D7: =IF($B7="","",المخزن!G7) -> 1 | F7: =IF(OR(B7="",E7=""),"",E7-D7) | G7: =IF(F7="","",IF(F7>0,"زيادة",IF(F7<0,"عجز","مطابق"))) | H7: =IF(B7="","",المخزن!H7) -> 360 | I7: =IF(F7="","",F7*H7)
A8: =IF(B8="","",ROW()-1) -> 7 | B8: =IF(المخزن!B8="","",المخزن!B8) -> تي شيرت ترند تريكو | C8: =IF(B8="","",المخزن!C8) -> 2000000000007 | D8: =IF($B8="","",المخزن!G8) -> 2 | F8: =IF(OR(B8="",E8=""),"",E8-D8) | G8: =IF(F8="","",IF(F8>0,"زيادة",IF(F8<0,"عجز","مطابق"))) | H8: =IF(B8="","",المخزن!H8) -> 290 | I8: =IF(F8="","",F8*H8)
A9: =IF(B9="","",ROW()-1) -> 8 | B9: =IF(المخزن!B9="","",المخزن!B9) -> تي شيرت بليزي | C9: =IF(B9="","",المخزن!C9) -> 2000000000008 | D9: =IF($B9="","",المخزن!G9) -> 0 | F9: =IF(OR(B9="",E9=""),"",E9-D9) | G9: =IF(F9="","",IF(F9>0,"زيادة",IF(F9<0,"عجز","مطابق"))) | H9: =IF(B9="","",المخزن!H9) -> 350 | I9: =IF(F9="","",F9*H9)
A10: =IF(B10="","",ROW()-1) -> 9 | B10: =IF(المخزن!B10="","",المخزن!B10) -> تي شيرت كراش | C10: =IF(B10="","",المخزن!C10) -> 2000000000009 | D10: =IF($B10="","",المخزن!G10) -> 14 | F10: =IF(OR(B10="",E10=""),"",E10-D10) | G10: =IF(F10="","",IF(F10>0,"زيادة",IF(F10<0,"عجز","مطابق"))) | H10: =IF(B10="","",المخزن!H10) -> 180 | I10: =IF(F10="","",F10*H10)
A11: =IF(B11="","",ROW()-1) -> 10 | B11: =IF(المخزن!B11="","",المخزن!B11) -> تي شيرت ياقة نور | C11: =IF(B11="","",المخزن!C11) -> 2000000000010 | D11: =IF($B11="","",المخزن!G11) -> 7 | F11: =IF(OR(B11="",E11=""),"",E11-D11) | G11: =IF(F11="","",IF(F11>0,"زيادة",IF(F11<0,"عجز","مطابق"))) | H11: =IF(B11="","",المخزن!H11) -> 280 | I11: =IF(F11="","",F11*H11)
A12: =IF(B12="","",ROW()-1) -> 11 | B12: =IF(المخزن!B12="","",المخزن!B12) -> تي شيرت فيو مخربش | C12: =IF(B12="","",المخزن!C12) -> 2000000000011 | D12: =IF($B12="","",المخزن!G12) -> 2 | F12: =IF(OR(B12="",E12=""),"",E12-D12) | G12: =IF(F12="","",IF(F12>0,"زيادة",IF(F12<0,"عجز","مطابق"))) | H12: =IF(B12="","",المخزن!H12) -> 300 | I12: =IF(F12="","",F12*H12)
A13: =IF(B13="","",ROW()-1) -> 12 | B13: =IF(المخزن!B13="","",المخزن!B13) -> تي شيرت ياقة عجينة | C13: =IF(B13="","",المخزن!C13) -> 2000000000012 | D13: =IF($B13="","",المخزن!G13) -> 1 | F13: =IF(OR(B13="",E13=""),"",E13-D13) | G13: =IF(F13="","",IF(F13>0,"زيادة",IF(F13<0,"عجز","مطابق"))) | H13: =IF(B13="","",المخزن!H13) -> 240 | I13: =IF(F13="","",F13*H13)
... A201: =IF(B201="","",ROW()-1) | B201: =IF(المخزن!B201="","",المخزن!B201) | C201: =IF(B201="","",المخزن!C201) | D201: =IF($B201="","",المخزن!G201) | F201: =IF(OR(B201="",E201=""),"",E201-D201) | G201: =IF(F201="","",IF(F201>0,"زيادة",IF(F201<0,"عجز","مطابق"))) | H201: =IF(B201="","",المخزن!H201) | I201: =IF(F201="","",F201*H201)
B203: الإجمالي | D203: =SUM(D2:D201) -> 410 | E203: =SUM(E2:E201) -> 0 | F203: =SUM(F2:F201) -> 0 | I203: =SUM(I2:I201) -> 0
B205: عدد الأصناف بها عجز | D205: =COUNTIF(G2:G201,"عجز") -> 0
B206: عدد الأصناف بها زيادة | D206: =COUNTIF(G2:G201,"زيادة") -> 0
B207: عدد الأصناف المطابقة | D207: =COUNTIF(G2:G201,"مطابق") -> 0
B209: ملاحظة: الأعمدة (اسم المنتج - الباركود - الكمية حسب السجلات - سعر التكلفة) تُسحب تلقائيًا من شيت المخزن (الذي يخصم المبيعات ويضيف المرتجعات أولًا بأول). عند إجراء جرد فعلي، أدخل العدد الحقيقي المعدود في عمود (الكمية الفعلية) فقط، ويُحسب الفرق ونوعه وقيمته تلقائيًا. أي صف جديد يُضاف في شيت المخزن يظهر هنا تلقائيًا بنفس الترقيم، حتى 200 صنف.

Sheet المبيعات
A1: م | B1: التاريخ | C1: اسم المنتج | D1: الباركود | E1: الكمية | F1: سعر البيع | G1: إجمالي البيع | H1: سعر التكلفة (مرجعي) | I1: تكلفة البضاعة المباعة
A2: =IF(C2="","",ROW()-1) | D2: =IFERROR(VLOOKUP(C2,المخزن!$B$2:$H$201,2,FALSE()),"") | G2: =IF(C2="","",E2*F2) | H2: =IFERROR(VLOOKUP(C2,المخزن!$B$2:$H$201,7,FALSE()),0) -> 0 | I2: =IF(C2="","",E2*H2)
A3: =IF(C3="","",ROW()-1) | D3: =IFERROR(VLOOKUP(C3,المخزن!$B$2:$H$201,2,FALSE()),"") | G3: =IF(C3="","",E3*F3) | H3: =IFERROR(VLOOKUP(C3,المخزن!$B$2:$H$201,7,FALSE()),0) -> 0 | I3: =IF(C3="","",E3*H3)
A4: =IF(C4="","",ROW()-1) | D4: =IFERROR(VLOOKUP(C4,المخزن!$B$2:$H$201,2,FALSE()),"") | G4: =IF(C4="","",E4*F4) | H4: =IFERROR(VLOOKUP(C4,المخزن!$B$2:$H$201,7,FALSE()),0) -> 0 | I4: =IF(C4="","",E4*H4)
A5: =IF(C5="","",ROW()-1) | D5: =IFERROR(VLOOKUP(C5,المخزن!$B$2:$H$201,2,FALSE()),"") | G5: =IF(C5="","",E5*F5) | H5: =IFERROR(VLOOKUP(C5,المخزن!$B$2:$H$201,7,FALSE()),0) -> 0 | I5: =IF(C5="","",E5*H5)
A6: =IF(C6="","",ROW()-1) | D6: =IFERROR(VLOOKUP(C6,المخزن!$B$2:$H$201,2,FALSE()),"") | G6: =IF(C6="","",E6*F6) | H6: =IFERROR(VLOOKUP(C6,المخزن!$B$2:$H$201,7,FALSE()),0) -> 0 | I6: =IF(C6="","",E6*H6)
A7: =IF(C7="","",ROW()-1) | D7: =IFERROR(VLOOKUP(C7,المخزن!$B$2:$H$201,2,FALSE()),"") | G7: =IF(C7="","",E7*F7) | H7: =IFERROR(VLOOKUP(C7,المخزن!$B$2:$H$201,7,FALSE()),0) -> 0 | I7: =IF(C7="","",E7*H7)
A8: =IF(C8="","",ROW()-1) | D8: =IFERROR(VLOOKUP(C8,المخزن!$B$2:$H$201,2,FALSE()),"") | G8: =IF(C8="","",E8*F8) | H8: =IFERROR(VLOOKUP(C8,المخزن!$B$2:$H$201,7,FALSE()),0) -> 0 | I8: =IF(C8="","",E8*H8)
A9: =IF(C9="","",ROW()-1) | D9: =IFERROR(VLOOKUP(C9,المخزن!$B$2:$H$201,2,FALSE()),"") | G9: =IF(C9="","",E9*F9) | H9: =IFERROR(VLOOKUP(C9,المخزن!$B$2:$H$201,7,FALSE()),0) -> 0 | I9: =IF(C9="","",E9*H9)
A10: =IF(C10="","",ROW()-1) | D10: =IFERROR(VLOOKUP(C10,المخزن!$B$2:$H$201,2,FALSE()),"") | G10: =IF(C10="","",E10*F10) | H10: =IFERROR(VLOOKUP(C10,المخزن!$B$2:$H$201,7,FALSE()),0) -> 0 | I10: =IF(C10="","",E10*H10)
A11: =IF(C11="","",ROW()-1) | D11: =IFERROR(VLOOKUP(C11,المخزن!$B$2:$H$201,2,FALSE()),"") | G11: =IF(C11="","",E11*F11) | H11: =IFERROR(VLOOKUP(C11,المخزن!$B$2:$H$201,7,FALSE()),0) -> 0 | I11: =IF(C11="","",E11*H11)
A12: =IF(C12="","",ROW()-1) | D12: =IFERROR(VLOOKUP(C12,المخزن!$B$2:$H$201,2,FALSE()),"") | G12: =IF(C12="","",E12*F12) | H12: =IFERROR(VLOOKUP(C12,المخزن!$B$2:$H$201,7,FALSE()),0) -> 0 | I12: =IF(C12="","",E12*H12)
A13: =IF(C13="","",ROW()-1) | D13: =IFERROR(VLOOKUP(C13,المخزن!$B$2:$H$201,2,FALSE()),"") | G13: =IF(C13="","",E13*F13) | H13: =IFERROR(VLOOKUP(C13,المخزن!$B$2:$H$201,7,FALSE()),0) -> 0 | I13: =IF(C13="","",E13*H13)
... A401: =IF(C401="","",ROW()-1) | D401: =IFERROR(VLOOKUP(C401,المخزن!$B$2:$H$201,2,FALSE()),"") | G401: =IF(C401="","",E401*F401) | H401: =IFERROR(VLOOKUP(C401,المخزن!$B$2:$H$201,7,FALSE()),0) -> 0 | I401: =IF(C401="","",E401*H401)
C403: الإجمالي | E403: =SUM(E2:E401) -> 0 | G403: =SUM(G2:G401) -> 0 | I403: =SUM(I2:I401) -> 0

Sheet المرتجعات
A1: م | B1: التاريخ | C1: اسم المنتج | D1: الباركود | E1: الكمية المرتجعة | F1: سعر البيع وقت الإرجاع | G1: قيمة المرتجع | H1: سعر التكلفة (مرجعي) | I1: تكلفة البضاعة المرتجعة
A2: =IF(C2="","",ROW()-1) | D2: =IFERROR(VLOOKUP(C2,المخزن!$B$2:$H$201,2,FALSE()),"") | G2: =IF(C2="","",E2*F2) | H2: =IFERROR(VLOOKUP(C2,المخزن!$B$2:$H$201,7,FALSE()),0) -> 0 | I2: =IF(C2="","",E2*H2)
A3: =IF(C3="","",ROW()-1) | D3: =IFERROR(VLOOKUP(C3,المخزن!$B$2:$H$201,2,FALSE()),"") | G3: =IF(C3="","",E3*F3) | H3: =IFERROR(VLOOKUP(C3,المخزن!$B$2:$H$201,7,FALSE()),0) -> 0 | I3: =IF(C3="","",E3*H3)
A4: =IF(C4="","",ROW()-1) | D4: =IFERROR(VLOOKUP(C4,المخزن!$B$2:$H$201,2,FALSE()),"") | G4: =IF(C4="","",E4*F4) | H4: =IFERROR(VLOOKUP(C4,المخزن!$B$2:$H$201,7,FALSE()),0) -> 0 | I4: =IF(C4="","",E4*H4)
A5: =IF(C5="","",ROW()-1) | D5: =IFERROR(VLOOKUP(C5,المخزن!$B$2:$H$201,2,FALSE()),"") | G5: =IF(C5="","",E5*F5) | H5: =IFERROR(VLOOKUP(C5,المخزن!$B$2:$H$201,7,FALSE()),0) -> 0 | I5: =IF(C5="","",E5*H5)
A6: =IF(C6="","",ROW()-1) | D6: =IFERROR(VLOOKUP(C6,المخزن!$B$2:$H$201,2,FALSE()),"") | G6: =IF(C6="","",E6*F6) | H6: =IFERROR(VLOOKUP(C6,المخزن!$B$2:$H$201,7,FALSE()),0) -> 0 | I6: =IF(C6="","",E6*H6)
A7: =IF(C7="","",ROW()-1) | D7: =IFERROR(VLOOKUP(C7,المخزن!$B$2:$H$201,2,FALSE()),"") | G7: =IF(C7="","",E7*F7) | H7: =IFERROR(VLOOKUP(C7,المخزن!$B$2:$H$201,7,FALSE()),0) -> 0 | I7: =IF(C7="","",E7*H7)
A8: =IF(C8="","",ROW()-1) | D8: =IFERROR(VLOOKUP(C8,المخزن!$B$2:$H$201,2,FALSE()),"") | G8: =IF(C8="","",E8*F8) | H8: =IFERROR(VLOOKUP(C8,المخزن!$B$2:$H$201,7,FALSE()),0) -> 0 | I8: =IF(C8="","",E8*H8)
A9: =IF(C9="","",ROW()-1) | D9: =IFERROR(VLOOKUP(C9,المخزن!$B$2:$H$201,2,FALSE()),"") | G9: =IF(C9="","",E9*F9) | H9: =IFERROR(VLOOKUP(C9,المخزن!$B$2:$H$201,7,FALSE()),0) -> 0 | I9: =IF(C9="","",E9*H9)
A10: =IF(C10="","",ROW()-1) | D10: =IFERROR(VLOOKUP(C10,المخزن!$B$2:$H$201,2,FALSE()),"") | G10: =IF(C10="","",E10*F10) | H10: =IFERROR(VLOOKUP(C10,المخزن!$B$2:$H$201,7,FALSE()),0) -> 0 | I10: =IF(C10="","",E10*H10)
A11: =IF(C11="","",ROW()-1) | D11: =IFERROR(VLOOKUP(C11,المخزن!$B$2:$H$201,2,FALSE()),"") | G11: =IF(C11="","",E11*F11) | H11: =IFERROR(VLOOKUP(C11,المخزن!$B$2:$H$201,7,FALSE()),0) -> 0 | I11: =IF(C11="","",E11*H11)
A12: =IF(C12="","",ROW()-1) | D12: =IFERROR(VLOOKUP(C12,المخزن!$B$2:$H$201,2,FALSE()),"") | G12: =IF(C12="","",E12*F12) | H12: =IFERROR(VLOOKUP(C12,المخزن!$B$2:$H$201,7,FALSE()),0) -> 0 | I12: =IF(C12="","",E12*H12)
A13: =IF(C13="","",ROW()-1) | D13: =IFERROR(VLOOKUP(C13,المخزن!$B$2:$H$201,2,FALSE()),"") | G13: =IF(C13="","",E13*F13) | H13: =IFERROR(VLOOKUP(C13,المخزن!$B$2:$H$201,7,FALSE()),0) -> 0 | I13: =IF(C13="","",E13*H13)
... A301: =IF(C301="","",ROW()-1) | D301: =IFERROR(VLOOKUP(C301,المخزن!$B$2:$H$201,2,FALSE()),"") | G301: =IF(C301="","",E301*F301) | H301: =IFERROR(VLOOKUP(C301,المخزن!$B$2:$H$201,7,FALSE()),0) -> 0 | I301: =IF(C301="","",E301*H301)
C303: الإجمالي | E303: =SUM(E2:E301) -> 0 | G303: =SUM(G2:G301) -> 0 | I303: =SUM(I2:I301) -> 0

Sheet المصروفات
A1: م | B1: التاريخ | C1: البيان | D1: القيمة
A2: =IF(C2="","",ROW()-1)
A3: =IF(C3="","",ROW()-1)
A4: =IF(C4="","",ROW()-1)
A5: =IF(C5="","",ROW()-1)
A6: =IF(C6="","",ROW()-1)
A7: =IF(C7="","",ROW()-1)
A8: =IF(C8="","",ROW()-1)
A9: =IF(C9="","",ROW()-1)
A10: =IF(C10="","",ROW()-1)
A11: =IF(C11="","",ROW()-1)
A12: =IF(C12="","",ROW()-1)
A13: =IF(C13="","",ROW()-1)
... A301: =IF(C301="","",ROW()-1)
C303: الإجمالي | D303: =SUM(D2:D301) -> 0
