Workbook

Sheet الملخص
A1: ملخص الجرد النصف شهري
A2: محل مؤمن - كل الأرقام مرتبطة تلقائيًا بشيتات الجرد والمنتهي والفواتير الجديدة
A4: بيانات الجرد
A5: عدد الأصناف المسجلة | C5: =COUNTA('جرد المخزون'!B4:B78) -> 75
A6: إجمالي الكمية بالنظام | C6: ='جرد المخزون'!D79 -> 523
A7: إجمالي الكمية الفعلية المجرودة | C7: ='جرد المخزون'!E79 -> 409
A8: صافي الفرق (عجز/زيادة) بالقطع | C8: ='جرد المخزون'!F79 -> -114
A9: قيمة الفرق الإجمالية (تكلفة) | C9: ='جرد المخزون'!I79 -> -40200
A10: عدد الأصناف التي بها عجز | C10: =COUNTIF('جرد المخزون'!G4:G78,"عجز") -> 43
A11: عدد الأصناف التي بها زيادة | C11: =COUNTIF('جرد المخزون'!G4:G78,"زيادة") -> 0
A12: عدد الأصناف المطابقة | C12: =COUNTIF('جرد المخزون'!G4:G78,"مطابق") -> 32
A13: عدد الأصناف التي لم تُجرد بعد | C13: =COUNTIF('جرد المخزون'!G4:G78,"لم يُجرد بعد") -> 0
A14: الأصناف المنتهية / التالفة
A15: عدد الأصناف المنتهية | C15: ='الأصناف المنتهية'!D44 -> 0
A16: قيمة الفاقد بسبب الانتهاء | C16: ='الأصناف المنتهية'!G44 -> 0
A17: الفواتير الجديدة
A18: إجمالي كمية المشتريات الجديدة | C18: ='فواتير جديدة'!G44 -> 79
A19: إجمالي قيمة فواتير المشتريات الجديدة | C19: ='فواتير جديدة'!I44 -> 30400
A20: الوضع النهائي بعد الجرد
A21: صافي قيمة المخزون بعد التعديل | C21: ='جرد المخزون'!I79+'فواتير جديدة'!I44-'الأصناف المنتهية'!G44 -> -9800

Sheet جرد المخزون
A1: جرد مخزون نصف شهري
A2: محل مؤمن - أدخل الكمية الفعلية فقط في العمود الأصفر بعد العد الفعلي بالمحل
A3: م | B3: اسم المنتج | C3: الباركود | D3: الكمية بالنظام | E3: الكمية الفعلية (بالجرد) | F3: الفرق | G3: الحالة | H3: سعر التكلفة | I3: قيمة الفرق | J3: ملاحظات | K3: الرصيد الافتتاحي
A4: 1 | B4: تي شيرت 2سوستة تركي | C4: 2000000000001 | D4: =K4+SUMIF('فواتير جديدة'!$F$4:$F$43,C4,'فواتير جديدة'!$G$4:$G$43) -> 1 | E4: 1 | F4: =IF(E4="","",E4-D4) -> 0 | G4: =IF(E4="","لم يُجرد بعد",IF(F4=0,"مطابق",IF(F4<0,"عجز","زيادة"))) -> مطابق | H4: 360 | I4: =IF(E4="","",F4*H4) -> 0 | K4: 1
A5: 2 | B5: تي شيرت بلانكو قصات | C5: 2000000000002 | D5: =K5+SUMIF('فواتير جديدة'!$F$4:$F$43,C5,'فواتير جديدة'!$G$4:$G$43) -> 8 | E5: 5 | F5: =IF(E5="","",E5-D5) -> -3 | G5: =IF(E5="","لم يُجرد بعد",IF(F5=0,"مطابق",IF(F5<0,"عجز","زيادة"))) -> عجز | H5: 480 | I5: =IF(E5="","",F5*H5) -> -1440 | K5: 8
A6: 3 | B6: تي شيرت حورس طباعة فوم | C6: 2000000000003 | D6: =K6+SUMIF('فواتير جديدة'!$F$4:$F$43,C6,'فواتير جديدة'!$G$4:$G$43) -> 5 | E6: 3 | F6: =IF(E6="","",E6-D6) -> -2 | G6: =IF(E6="","لم يُجرد بعد",IF(F6=0,"مطابق",IF(F6<0,"عجز","زيادة"))) -> عجز | H6: 250 | I6: =IF(E6="","",F6*H6) -> -500 | K6: 5
A7: 4 | B7: تي شيرت كويك | C7: 2000000000004 | D7: =K7+SUMIF('فواتير جديدة'!$F$4:$F$43,C7,'فواتير جديدة'!$G$4:$G$43) -> 3 | E7: 1 | F7: =IF(E7="","",E7-D7) -> -2 | G7: =IF(E7="","لم يُجرد بعد",IF(F7=0,"مطابق",IF(F7<0,"عجز","زيادة"))) -> عجز | H7: 200 | I7: =IF(E7="","",F7*H7) -> -400 | K7: 3
A8: 5 | B8: تي شيرت وولف سادة | C8: 2000000000005 | D8: =K8+SUMIF('فواتير جديدة'!$F$4:$F$43,C8,'فواتير جديدة'!$G$4:$G$43) -> 2 | E8: 1 | F8: =IF(E8="","",E8-D8) -> -1 | G8: =IF(E8="","لم يُجرد بعد",IF(F8=0,"مطابق",IF(F8<0,"عجز","زيادة"))) -> عجز | H8: 250 | I8: =IF(E8="","",F8*H8) -> -250 | K8: 2
A9: 6 | B9: تي شيرت اليفين | C9: 2000000000006 | D9: =K9+SUMIF('فواتير جديدة'!$F$4:$F$43,C9,'فواتير جديدة'!$G$4:$G$43) -> 1 | E9: 1 | F9: =IF(E9="","",E9-D9) -> 0 | G9: =IF(E9="","لم يُجرد بعد",IF(F9=0,"مطابق",IF(F9<0,"عجز","زيادة"))) -> مطابق | H9: 360 | I9: =IF(E9="","",F9*H9) -> 0 | K9: 1
A10: 7 | B10: تي شيرت ترند تريكو | C10: 2000000000007 | D10: =K10+SUMIF('فواتير جديدة'!$F$4:$F$43,C10,'فواتير جديدة'!$G$4:$G$43) -> 4 | E10: 2 | F10: =IF(E10="","",E10-D10) -> -2 | G10: =IF(E10="","لم يُجرد بعد",IF(F10=0,"مطابق",IF(F10<0,"عجز","زيادة"))) -> عجز | H10: 290 | I10: =IF(E10="","",F10*H10) -> -580 | K10: 4
A11: 8 | B11: تي شيرت بليزي | C11: 2000000000008 | D11: =K11+SUMIF('فواتير جديدة'!$F$4:$F$43,C11,'فواتير جديدة'!$G$4:$G$43) -> 1 | E11: 0 | F11: =IF(E11="","",E11-D11) -> -1 | G11: =IF(E11="","لم يُجرد بعد",IF(F11=0,"مطابق",IF(F11<0,"عجز","زيادة"))) -> عجز | H11: 350 | I11: =IF(E11="","",F11*H11) -> -350 | K11: 1
A12: 9 | B12: تي شيرت كراش | C12: 2000000000009 | D12: =K12+SUMIF('فواتير جديدة'!$F$4:$F$43,C12,'فواتير جديدة'!$G$4:$G$43) -> 14 | E12: 14 | F12: =IF(E12="","",E12-D12) -> 0 | G12: =IF(E12="","لم يُجرد بعد",IF(F12=0,"مطابق",IF(F12<0,"عجز","زيادة"))) -> مطابق | H12: 180 | I12: =IF(E12="","",F12*H12) -> 0 | K12: 14
A13: 10 | B13: تي شيرت ياقة نور | C13: 2000000000010 | D13: =K13+SUMIF('فواتير جديدة'!$F$4:$F$43,C13,'فواتير جديدة'!$G$4:$G$43) -> 7 | E13: 7 | F13: =IF(E13="","",E13-D13) -> 0 | G13: =IF(E13="","لم يُجرد بعد",IF(F13=0,"مطابق",IF(F13<0,"عجز","زيادة"))) -> مطابق | H13: 280 | I13: =IF(E13="","",F13*H13) -> 0 | K13: 7
A14: 11 | B14: تي شيرت فيو مخربش | C14: 2000000000011 | D14: =K14+SUMIF('فواتير جديدة'!$F$4:$F$43,C14,'فواتير جديدة'!$G$4:$G$43) -> 2 | E14: 2 | F14: =IF(E14="","",E14-D14) -> 0 | G14: =IF(E14="","لم يُجرد بعد",IF(F14=0,"مطابق",IF(F14<0,"عجز","زيادة"))) -> مطابق | H14: 300 | I14: =IF(E14="","",F14*H14) -> 0 | K14: 2
A15: 12 | B15: تي شيرت ياقة عجينة | C15: 2000000000012 | D15: =K15+SUMIF('فواتير جديدة'!$F$4:$F$43,C15,'فواتير جديدة'!$G$4:$G$43) -> 1 | E15: 1 | F15: =IF(E15="","",E15-D15) -> 0 | G15: =IF(E15="","لم يُجرد بعد",IF(F15=0,"مطابق",IF(F15<0,"عجز","زيادة"))) -> مطابق | H15: 240 | I15: =IF(E15="","",F15*H15) -> 0 | K15: 1
... A33: 30 | B33: سوت تي شيرت كابو | C33: 2000000000030 | D33: =K33+SUMIF('فواتير جديدة'!$F$4:$F$43,C33,'فواتير جديدة'!$G$4:$G$43) -> 6 | E33: 1 | F33: =IF(E33="","",E33-D33) -> -5 | G33: =IF(E33="","لم يُجرد بعد",IF(F33=0,"مطابق",IF(F33<0,"عجز","زيادة"))) -> عجز | H33: 370 | I33: =IF(E33="","",F33*H33) -> -1850 | K33: 6
A34: 31 | B34: سوت كتان كم | C34: 2000000000031 | D34: 4 | E34: 1 | F34: =IF(E34="","",E34-D34) -> -3 | G34: =IF(E34="","لم يُجرد بعد",IF(F34=0,"مطابق",IF(F34<0,"عجز","زيادة"))) -> عجز | H34: 410 | I34: =IF(E34="","",F34*H34) -> -1230 | K34: 5
A35: 32 | B35: سوت كتان نص كم | C35: 2000000000032 | D35: 7 | E35: 1 | F35: =IF(E35="","",E35-D35) -> -6 | G35: =IF(E35="","لم يُجرد بعد",IF(F35=0,"مطابق",IF(F35<0,"عجز","زيادة"))) -> عجز | H35: 370 | I35: =IF(E35="","",F35*H35) -> -2220 | K35: 8
A36: 33 | B36: قميص كوريشة | C36: 2000000000033 | D36: =K36+SUMIF('فواتير جديدة'!$F$4:$F$43,C36,'فواتير جديدة'!$G$4:$G$43) -> 4 | E36: 4 | F36: =IF(E36="","",E36-D36) -> 0 | G36: =IF(E36="","لم يُجرد بعد",IF(F36=0,"مطابق",IF(F36<0,"عجز","زيادة"))) -> مطابق | H36: 170 | I36: =IF(E36="","",F36*H36) -> 0 | K36: 4
A37: 34 | B37: قميص سبرينج سادة | C37: 2000000000034 | D37: =K37+SUMIF('فواتير جديدة'!$F$4:$F$43,C37,'فواتير جديدة'!$G$4:$G$43) -> 7 | E37: 7 | F37: =IF(E37="","",E37-D37) -> 0 | G37: =IF(E37="","لم يُجرد بعد",IF(F37=0,"مطابق",IF(F37<0,"عجز","زيادة"))) -> مطابق | H37: 300 | I37: =IF(E37="","",F37*H37) -> 0 | K37: 7
A38: 35 | B38: قميص كتان | C38: 2000000000035 | D38: 14 | E38: 7 | F38: =IF(E38="","",E38-D38) -> -7 | G38: =IF(E38="","لم يُجرد بعد",IF(F38=0,"مطابق",IF(F38<0,"عجز","زيادة"))) -> عجز | H38: 210 | I38: =IF(E38="","",F38*H38) -> -1470 | K38: 13
A39: 36 | B39: قميص جينز تقيل سبرينج | C39: 2000000000036 | D39: =K39+SUMIF('فواتير جديدة'!$F$4:$F$43,C39,'فواتير جديدة'!$G$4:$G$43) -> 2 | E39: 2 | F39: =IF(E39="","",E39-D39) -> 0 | G39: =IF(E39="","لم يُجرد بعد",IF(F39=0,"مطابق",IF(F39<0,"عجز","زيادة"))) -> مطابق | H39: 550 | I39: =IF(E39="","",F39*H39) -> 0 | K39: 2
A40: 37 | B40: قميص امريكان ايجل جينز | C40: 2000000000037 | D40: =K40+SUMIF('فواتير جديدة'!$F$4:$F$43,C40,'فواتير جديدة'!$G$4:$G$43) -> 1 | E40: 0 | F40: =IF(E40="","",E40-D40) -> -1 | G40: =IF(E40="","لم يُجرد بعد",IF(F40=0,"مطابق",IF(F40<0,"عجز","زيادة"))) -> عجز | H40: 480 | I40: =IF(E40="","",F40*H40) -> -480 | K40: 1
A41: 38 | B41: قميص كامب جينز | C41: 2000000000038 | D41: =K41+SUMIF('فواتير جديدة'!$F$4:$F$43,C41,'فواتير جديدة'!$G$4:$G$43) -> 3 | E41: 3 | F41: =IF(E41="","",E41-D41) -> 0 | G41: =IF(E41="","لم يُجرد بعد",IF(F41=0,"مطابق",IF(F41<0,"عجز","زيادة"))) -> مطابق | H41: 550 | I41: =IF(E41="","",F41*H41) -> 0 | K41: 3
A42: 39 | B42: قميص حربي | C42: 2000000000039 | D42: =K42+SUMIF('فواتير جديدة'!$F$4:$F$43,C42,'فواتير جديدة'!$G$4:$G$43) -> 4 | E42: 2 | F42: =IF(E42="","",E42-D42) -> -2 | G42: =IF(E42="","لم يُجرد بعد",IF(F42=0,"مطابق",IF(F42<0,"عجز","زيادة"))) -> عجز | H42: 465 | I42: =IF(E42="","",F42*H42) -> -930 | K42: 4
A43: 40 | B43: جبردين استك ZARA | C43: 2000000000040 | D43: =K43+SUMIF('فواتير جديدة'!$F$4:$F$43,C43,'فواتير جديدة'!$G$4:$G$43) -> 4 | E43: 4 | F43: =IF(E43="","",E43-D43) -> 0 | G43: =IF(E43="","لم يُجرد بعد",IF(F43=0,"مطابق",IF(F43<0,"عجز","زيادة"))) -> مطابق | H43: 380 | I43: =IF(E43="","",F43*H43) -> 0 | K43: 4
A44: 41 | B44: سوفت CABO | C44: 2000000000041 | D44: =K44+SUMIF('فواتير جديدة'!$F$4:$F$43,C44,'فواتير جديدة'!$G$4:$G$43) -> 2 | E44: 1 | F44: =IF(E44="","",E44-D44) -> -1 | G44: =IF(E44="","لم يُجرد بعد",IF(F44=0,"مطابق",IF(F44<0,"عجز","زيادة"))) -> عجز | H44: 375 | I44: =IF(E44="","",F44*H44) -> -375 | K44: 2
A45: 42 | B45: شروال جبردين VEGAS | C45: 2000000000042 | D45: =K45+SUMIF('فواتير جديدة'!$F$4:$F$43,C45,'فواتير جديدة'!$G$4:$G$43) -> 2 | E45: 2 | F45: =IF(E45="","",E45-D45) -> 0 | G45: =IF(E45="","لم يُجرد بعد",IF(F45=0,"مطابق",IF(F45<0,"عجز","زيادة"))) -> مطابق | H45: 380 | I45: =IF(E45="","",F45*H45) -> 0 | K45: 2
A46: 43 | B46: شروال القنطرة | C46: 2000000000043 | D46: =K46+SUMIF('فواتير جديدة'!$F$4:$F$43,C46,'فواتير جديدة'!$G$4:$G$43) -> 14 | E46: 12 | F46: =IF(E46="","",E46-D46) -> -2 | G46: =IF(E46="","لم يُجرد بعد",IF(F46=0,"مطابق",IF(F46<0,"عجز","زيادة"))) -> عجز | H46: 280 | I46: =IF(E46="","",F46*H46) -> -560 | K46: 14
A47: 44 | B47: جوستافو LINE3 | C47: 2000000000044 | D47: =K47+SUMIF('فواتير جديدة'!$F$4:$F$43,C47,'فواتير جديدة'!$G$4:$G$43) -> 7 | E47: 7 | F47: =IF(E47="","",E47-D47) -> 0 | G47: =IF(E47="","لم يُجرد بعد",IF(F47=0,"مطابق",IF(F47<0,"عجز","زيادة"))) -> مطابق | H47: 315 | I47: =IF(E47="","",F47*H47) -> 0 | K47: 7
A48: 45 | B48: جوستافو رمادي | C48: 2000000000045 | D48: =K48+SUMIF('فواتير جديدة'!$F$4:$F$43,C48,'فواتير جديدة'!$G$4:$G$43) -> 2 | E48: 2 | F48: =IF(E48="","",E48-D48) -> 0 | G48: =IF(E48="","لم يُجرد بعد",IF(F48=0,"مطابق",IF(F48<0,"عجز","زيادة"))) -> مطابق | H48: 550 | I48: =IF(E48="","",F48*H48) -> 0 | K48: 2
A49: 46 | B49: جوستافو استك | C49: 2000000000046 | D49: =K49+SUMIF('فواتير جديدة'!$F$4:$F$43,C49,'فواتير جديدة'!$G$4:$G$43) -> 6 | E49: 6 | F49: =IF(E49="","",E49-D49) -> 0 | G49: =IF(E49="","لم يُجرد بعد",IF(F49=0,"مطابق",IF(F49<0,"عجز","زيادة"))) -> مطابق | H49: 320 | I49: =IF(E49="","",F49*H49) -> 0 | K49: 6
A50: 47 | B50: شروال كلاسيك | C50: 2000000000047 | D50: =K50+SUMIF('فواتير جديدة'!$F$4:$F$43,C50,'فواتير جديدة'!$G$4:$G$43) -> 1 | E50: 1 | F50: =IF(E50="","",E50-D50) -> 0 | G50: =IF(E50="","لم يُجرد بعد",IF(F50=0,"مطابق",IF(F50<0,"عجز","زيادة"))) -> مطابق | H50: 450 | I50: =IF(E50="","",F50*H50) -> 0 | K50: 1
... A78: 75 | B78: قميص كتان XIO | C78: 2000000000075 | D78: =K78+SUMIF('فواتير جديدة'!$F$4:$F$43,C78,'فواتير جديدة'!$G$4:$G$43) -> 8 | E78: 6 | F78: =IF(E78="","",E78-D78) -> -2 | G78: =IF(E78="","لم يُجرد بعد",IF(F78=0,"مطابق",IF(F78<0,"عجز","زيادة"))) -> عجز | H78: 450 | I78: =IF(E78="","",F78*H78) -> -900 | K78: 0
B79: الإجمالي | D79: =SUM(D4:D78) -> 523 | E79: =SUM(E4:E78) -> 409 | F79: =SUM(F4:F78) -> -114 | I79: =SUM(I4:I78) -> -40200

Sheet الأصناف المنتهية
A1: سجل الأصناف المنتهية / التالفة
A2: يُستخدم لتسجيل أي صنف يُستبعد من المخزون بسبب انتهاء الصلاحية أو التلف
A3: م | B3: اسم المنتج | C3: الباركود | D3: الكمية المنتهية | E3: تاريخ الانتهاء | F3: سبب الإزالة | G3: قيمة الفاقد (تكلفة) | H3: ملاحظات
A4: =IF(B4="","",ROW()-3)
A5: =IF(B5="","",ROW()-3)
A6: =IF(B6="","",ROW()-3)
A7: =IF(B7="","",ROW()-3)
A8: =IF(B8="","",ROW()-3)
A9: =IF(B9="","",ROW()-3)
A10: =IF(B10="","",ROW()-3)
A11: =IF(B11="","",ROW()-3)
A12: =IF(B12="","",ROW()-3)
A13: =IF(B13="","",ROW()-3)
A14: =IF(B14="","",ROW()-3)
A15: =IF(B15="","",ROW()-3)
... A43: =IF(B43="","",ROW()-3)
B44: الإجمالي | D44: =SUM(D4:D43) -> 0 | G44: =SUM(G4:G43) -> 0

Sheet فواتير جديدة
A1: سجل فواتير المشتريات الجديدة
A2: يُستخدم لتسجيل أي بضاعة جديدة تدخل المخزن بعد الجرد
A3: م | B3: التاريخ | C3: رقم الفاتورة | D3: المورد | E3: اسم المنتج | F3: الباركود | G3: الكمية | H3: سعر التكلفة | I3: إجمالي الفاتورة | J3: ملاحظات
A4: =IF(E4="","",ROW()-3) -> 1 | B4: 01-07-2026 | C4: 1 | D4: GPS | E4: بنطلون جبردين GPS | F4: =IF(E4="","","200"&TEXT(66+ROW()-3,"0000000000")) -> 2000000000067 | G4: 24 | H4: 320 | I4: =IF(OR(G4="",H4=""),"",G4*H4) -> 7680
A5: =IF(E5="","",ROW()-3) -> 2 | B5: 01-07-2026 | C5: 1 | D5: VEGAS | E5: بولو فيجس | F5: =IF(E5="","","200"&TEXT(66+ROW()-3,"0000000000")) -> 2000000000068 | G5: 4 | H5: 415 | I5: =IF(OR(G5="",H5=""),"",G5*H5) -> 1660
A6: =IF(E6="","",ROW()-3) -> 3 | B6: 01-07-2026 | C6: 1 | D6: VEGAS | E6: راوند فيجس | F6: =IF(E6="","","200"&TEXT(66+ROW()-3,"0000000000")) -> 2000000000069 | G6: 2 | H6: 395 | I6: =IF(OR(G6="",H6=""),"",G6*H6) -> 790
A7: =IF(E7="","",ROW()-3) -> 4 | B7: 01-07-2026 | C7: 1 | D7: NONE | E7: شروال سوفت مستورد | F7: =IF(E7="","","200"&TEXT(66+ROW()-3,"0000000000")) -> 2000000000070 | G7: 8 | H7: 490 | I7: =IF(OR(G7="",H7=""),"",G7*H7) -> 3920
A8: =IF(E8="","",ROW()-3) -> 5 | B8: 01-07-2026 | C8: 1 | D8: NONE | E8: قميص بوكس فيت | F8: =IF(E8="","","200"&TEXT(66+ROW()-3,"0000000000")) -> 2000000000071 | G8: 2 | H8: 400 | I8: =IF(OR(G8="",H8=""),"",G8*H8) -> 800
A9: =IF(E9="","",ROW()-3) -> 6 | B9: 01-07-2026 | C9: 1 | D9: NONE | E9: تيشيرت RNB | F9: =IF(E9="","","200"&TEXT(66+ROW()-3,"0000000000")) -> 2000000000072 | G9: 10 | H9: 460 | I9: =IF(OR(G9="",H9=""),"",G9*H9) -> 4600
A10: =IF(E10="","",ROW()-3) -> 7 | B10: 01-07-2026 | C10: 1 | D10: NONE | E10: تيشيرت XIO اوريجينال | F10: =IF(E10="","","200"&TEXT(66+ROW()-3,"0000000000")) -> 2000000000073 | G10: 10 | H10: 390 | I10: =IF(OR(G10="",H10=""),"",G10*H10) -> 3900
A11: =IF(E11="","",ROW()-3) -> 8 | B11: 01-07-2026 | C11: 1 | D11: NONE | E11: تيشيرت A|X | F11: =IF(E11="","","200"&TEXT(66+ROW()-3,"0000000000")) -> 2000000000074 | G11: 8 | H11: 360 | I11: =IF(OR(G11="",H11=""),"",G11*H11) -> 2880
A12: =IF(E12="","",ROW()-3) -> 9 | B12: 01-07-2026 | C12: 1 | D12: NONE | E12: قميص كتان XIO | F12: =IF(E12="","","200"&TEXT(66+ROW()-3,"0000000000")) -> 2000000000075 | G12: 8 | H12: 450 | I12: =IF(OR(G12="",H12=""),"",G12*H12) -> 3600
A13: =IF(E13="","",ROW()-3) -> 10 | B13: 02-07-2026 | C13: 2 | D13: NONE | E13: قميص نص كتان | F13: =IF(E13="","","200"&TEXT(66+ROW()-3,"0000000000")) -> 2000000000076 | G13: 1 | H13: 185 | I13: =IF(OR(G13="",H13=""),"",G13*H13) -> 185
A14: =IF(E14="","",ROW()-3) -> 11 | B14: 02-07-2026 | C14: 2 | D14: NONE | E14: بنطلون كتان | F14: =IF(E14="","","200"&TEXT(66+ROW()-3,"0000000000")) -> 2000000000077 | G14: 1 | H14: 200 | I14: =IF(OR(G14="",H14=""),"",G14*H14) -> 200
A15: =IF(E15="","",ROW()-3) -> 12 | B15: 02-07-2026 | C15: 2 | D15: NONE | E15: شورت كتان | F15: =IF(E15="","","200"&TEXT(66+ROW()-3,"0000000000")) -> 2000000000078 | G15: 1 | H15: 185 | I15: =IF(OR(G15="",H15=""),"",G15*H15) -> 185
A16: =IF(E16="","",ROW()-3) | F16: =IF(E16="","","200"&TEXT(66+ROW()-3,"0000000000")) | I16: =IF(OR(G16="",H16=""),"",G16*H16)
A17: =IF(E17="","",ROW()-3) | F17: =IF(E17="","","200"&TEXT(66+ROW()-3,"0000000000")) | I17: =IF(OR(G17="",H17=""),"",G17*H17)
A18: =IF(E18="","",ROW()-3) | F18: =IF(E18="","","200"&TEXT(66+ROW()-3,"0000000000")) | I18: =IF(OR(G18="",H18=""),"",G18*H18)
A19: =IF(E19="","",ROW()-3) | F19: =IF(E19="","","200"&TEXT(66+ROW()-3,"0000000000")) | I19: =IF(OR(G19="",H19=""),"",G19*H19)
A20: =IF(E20="","",ROW()-3) | F20: =IF(E20="","","200"&TEXT(66+ROW()-3,"0000000000")) | I20: =IF(OR(G20="",H20=""),"",G20*H20)
A21: =IF(E21="","",ROW()-3) | F21: =IF(E21="","","200"&TEXT(66+ROW()-3,"0000000000")) | I21: =IF(OR(G21="",H21=""),"",G21*H21)
A22: =IF(E22="","",ROW()-3) | F22: =IF(E22="","","200"&TEXT(66+ROW()-3,"0000000000")) | I22: =IF(OR(G22="",H22=""),"",G22*H22)
A23: =IF(E23="","",ROW()-3) | F23: =IF(E23="","","200"&TEXT(66+ROW()-3,"0000000000")) | I23: =IF(OR(G23="",H23=""),"",G23*H23)
A24: =IF(E24="","",ROW()-3) | F24: =IF(E24="","","200"&TEXT(66+ROW()-3,"0000000000")) | I24: =IF(OR(G24="",H24=""),"",G24*H24)
A25: =IF(E25="","",ROW()-3) | F25: =IF(E25="","","200"&TEXT(66+ROW()-3,"0000000000")) | I25: =IF(OR(G25="",H25=""),"",G25*H25)
A26: =IF(E26="","",ROW()-3) | F26: =IF(E26="","","200"&TEXT(66+ROW()-3,"0000000000")) | I26: =IF(OR(G26="",H26=""),"",G26*H26)
A27: =IF(E27="","",ROW()-3) | F27: =IF(E27="","","200"&TEXT(66+ROW()-3,"0000000000")) | I27: =IF(OR(G27="",H27=""),"",G27*H27)
... A43: =IF(E43="","",ROW()-3) | F43: =IF(E43="","","200"&TEXT(66+ROW()-3,"0000000000")) | I43: =IF(OR(G43="",H43=""),"",G43*H43)
D44: الإجمالي | G44: =SUM(G4:G43) -> 79 | I44: =SUM(I4:I43) -> 30400
